replicate_number,Mean temperature (°C),Fluctuation scenario,group,Length (mm),Shell dry weight (g),Tissue dry weight (g),initial length (mm),initial shell dry weight (g),initial tissue dry weight (g),Length growth (mm/day),Shell dry weight growth (mg/day),Tissue dry weight growth (mg/day)
1,18.5,±0 °C,1,8.75,0.0165,0.0025,2.5,0.00138,0.000166667,0.189393939,0.458181818,0.070707071
2,18.5,±0 °C,1,7.59,0.0119,0.0022,2.5,0.00138,0.000166667,0.154242424,0.318787879,0.061616162
3,18.5,±0 °C,1,8.68,0.0159,0.0024,2.5,0.00138,0.000166667,0.187272727,0.44,0.067676768
4,18.5,±0 °C,1,7.63,0.0111,0.0022,2.5,0.00138,0.000166667,0.155454545,0.294545455,0.061616162
5,18.5,±0 °C,1,7.82,0.0135,0.0024,2.5,0.00138,0.000166667,0.161212121,0.367272727,0.067676768
6,18.5,±0 °C,1,7.86,0.0133,0.0027,2.5,0.00138,0.000166667,0.162424242,0.361212121,0.076767677
7,18.5,±0 °C,1,7.68,0.0101,0.0021,2.5,0.00138,0.000166667,0.156969697,0.264242424,0.058585859
8,18.5,±0 °C,1,7.08,0.0104,0.0022,2.5,0.00138,0.000166667,0.138787879,0.273333333,0.061616162
9,18.5,±0 °C,1,5.96,0.0063,0.0012,2.5,0.00138,0.000166667,0.104848485,0.149090909,0.031313131
10,18.5,±0 °C,1,5.55,0.0045,0.0012,2.5,0.00138,0.000166667,0.092424242,0.094545455,0.031313131
121,18.5,±0 °C,2,9.15,0.0177,0.0029,2.5,0.00138,0.000166667,0.201515152,0.494545455,0.082828283
122,18.5,±0 °C,2,7.6,0.011,0.0016,2.5,0.00138,0.000166667,0.154545455,0.291515152,0.043434343
123,18.5,±0 °C,2,6.41,0.0093,0.0012,2.5,0.00138,0.000166667,0.118484848,0.24,0.031313131
124,18.5,±0 °C,2,7.59,0.0117,0.0022,2.5,0.00138,0.000166667,0.154242424,0.312727273,0.061616162
125,18.5,±0 °C,2,5.92,0.0059,0.0012,2.5,0.00138,0.000166667,0.103636364,0.136969697,0.031313131
126,18.5,±0 °C,2,5.6,0.0055,0.0014,2.5,0.00138,0.000166667,0.093939394,0.124848485,0.037373737
127,18.5,±0 °C,2,7.14,0.0091,0.0017,2.5,0.00138,0.000166667,0.140606061,0.233939394,0.046464646
128,18.5,±0 °C,2,7.41,0.0099,0.0024,2.5,0.00138,0.000166667,0.148787879,0.258181818,0.067676768
129,18.5,±0 °C,2,8.2,0.0145,0.0023,2.5,0.00138,0.000166667,0.172727273,0.397575758,0.064646465
1,18.5,±0 °C,3,8.67,0.0172,0.0033,2.5,0.00138,0.000166667,0.186969697,0.479393939,0.094949495
2,18.5,±0 °C,3,8.32,0.0142,0.003,2.5,0.00138,0.000166667,0.176363636,0.388484848,0.085858586
3,18.5,±0 °C,3,7.5,0.0114,0.0022,2.5,0.00138,0.000166667,0.151515152,0.303636364,0.061616162
4,18.5,±0 °C,3,7.47,0.0134,0.0019,2.5,0.00138,0.000166667,0.150606061,0.364242424,0.052525253
5,18.5,±0 °C,3,6.96,0.0089,0.0014,2.5,0.00138,0.000166667,0.135151515,0.227878788,0.037373737
6,18.5,±0 °C,3,7.23,0.011,0.0015,2.5,0.00138,0.000166667,0.143333333,0.291515152,0.04040404
7,18.5,±0 °C,3,6.14,0.006,0.0008,2.5,0.00138,0.000166667,0.11030303,0.14,0.019191919
8,18.5,±0 °C,3,5.22,0.0055,0.0006,2.5,0.00138,0.000166667,0.082424242,0.124848485,0.013131313
9,18.5,±0 °C,3,4.54,0.004,0.0002,2.5,0.00138,0.000166667,0.061818182,0.079393939,0.001010101
31,21,±0 °C,4,8.73,0.0177,0.003,2.5,0.00138,0.000166667,0.188787879,0.494545455,0.085858586
32,21,±0 °C,4,8.58,0.0154,0.0031,2.5,0.00138,0.000166667,0.184242424,0.424848485,0.088888889
33,21,±0 °C,4,7.43,0.0135,0.0015,2.5,0.00138,0.000166667,0.149393939,0.367272727,0.04040404
34,21,±0 °C,4,7.79,0.0149,0.0017,2.5,0.00138,0.000166667,0.16030303,0.40969697,0.046464646
35,21,±0 °C,4,6.26,0.0076,0.0011,2.5,0.00138,0.000166667,0.113939394,0.188484848,0.028282828
36,21,±0 °C,4,8.14,0.0153,0.0019,2.5,0.00138,0.000166667,0.170909091,0.421818182,0.052525253
37,21,±0 °C,4,7.21,0.0097,0.0016,2.5,0.00138,0.000166667,0.142727273,0.252121212,0.043434343
38,21,±0 °C,4,6.5,0.0074,0.0008,2.5,0.00138,0.000166667,0.121212121,0.182424242,0.019191919
39,21,±0 °C,4,6.81,0.0093,0.0015,2.5,0.00138,0.000166667,0.130606061,0.24,0.04040404
40,21,±0 °C,4,6.15,0.0082,0.0011,2.5,0.00138,0.000166667,0.110606061,0.206666667,0.028282828
151,21,±0 °C,5,9.04,0.0175,0.0033,2.5,0.00138,0.000166667,0.198181818,0.488484848,0.094949495
152,21,±0 °C,5,8.67,0.017,0.0027,2.5,0.00138,0.000166667,0.186969697,0.473333333,0.076767677
153,21,±0 °C,5,7.32,0.0103,0.0021,2.5,0.00138,0.000166667,0.146060606,0.27030303,0.058585859
154,21,±0 °C,5,9.57,0.0186,0.0031,2.5,0.00138,0.000166667,0.214242424,0.521818182,0.088888889
155,21,±0 °C,5,6.8,0.0103,0.0017,2.5,0.00138,0.000166667,0.13030303,0.27030303,0.046464646
156,21,±0 °C,5,6.69,0.0127,0.0012,2.5,0.00138,0.000166667,0.126969697,0.343030303,0.031313131
157,21,±0 °C,5,7.87,0.0144,0.0024,2.5,0.00138,0.000166667,0.162727273,0.394545455,0.067676768
158,21,±0 °C,5,6,0.007,0.0012,2.5,0.00138,0.000166667,0.106060606,0.17030303,0.031313131
159,21,±0 °C,5,5.41,0.0052,0.0009,2.5,0.00138,0.000166667,0.088181818,0.115757576,0.022222222
160,21,±0 °C,5,6.69,0.0095,0.0017,2.5,0.00138,0.000166667,0.126969697,0.246060606,0.046464646
31,21,±0 °C,6,9.04,0.0204,0.0029,2.5,0.00138,0.000166667,0.198181818,0.576363636,0.082828283
32,21,±0 °C,6,7.75,0.0141,0.0021,2.5,0.00138,0.000166667,0.159090909,0.385454545,0.058585859
33,21,±0 °C,6,7.94,0.0163,0.0026,2.5,0.00138,0.000166667,0.164848485,0.452121212,0.073737374
34,21,±0 °C,6,8.25,0.0172,0.0029,2.5,0.00138,0.000166667,0.174242424,0.479393939,0.082828283
35,21,±0 °C,6,8.02,0.0135,0.0023,2.5,0.00138,0.000166667,0.167272727,0.367272727,0.064646465
36,21,±0 °C,6,7.73,0.0138,0.0022,2.5,0.00138,0.000166667,0.158484848,0.376363636,0.061616162
37,21,±0 °C,6,7.26,0.0114,0.0021,2.5,0.00138,0.000166667,0.144242424,0.303636364,0.058585859
38,21,±0 °C,6,4.49,0.0045,0.0007,2.5,0.00138,0.000166667,0.06030303,0.094545455,0.016161616
39,21,±0 °C,6,6.15,0.0097,0.0015,2.5,0.00138,0.000166667,0.110606061,0.252121212,0.04040404
40,21,±0 °C,6,6.65,0.0085,0.0017,2.5,0.00138,0.000166667,0.125757576,0.215757576,0.046464646
61,23.5,±0 °C,7,7.74,0.0147,0.0016,2.5,0.00138,0.000166667,0.158787879,0.403636364,0.043434343
62,23.5,±0 °C,7,6.35,0.0111,0.0008,2.5,0.00138,0.000166667,0.116666667,0.294545455,0.019191919
63,23.5,±0 °C,7,5.82,0.0067,0.0008,2.5,0.00138,0.000166667,0.100606061,0.161212121,0.019191919
64,23.5,±0 °C,7,7.7,0.014,0.0019,2.5,0.00138,0.000166667,0.157575758,0.382424242,0.052525253
65,23.5,±0 °C,7,7.01,0.0095,0.0013,2.5,0.00138,0.000166667,0.136666667,0.246060606,0.034343434
66,23.5,±0 °C,7,7.44,0.0133,0.0016,2.5,0.00138,0.000166667,0.14969697,0.361212121,0.043434343
67,23.5,±0 °C,7,7.39,0.0131,0.0018,2.5,0.00138,0.000166667,0.148181818,0.355151515,0.049494949
68,23.5,±0 °C,7,7.05,0.0105,0.0011,2.5,0.00138,0.000166667,0.137878788,0.276363636,0.028282828
69,23.5,±0 °C,7,5.89,0.0063,0.0012,2.5,0.00138,0.000166667,0.102727273,0.149090909,0.031313131
70,23.5,±0 °C,7,5.75,0.0066,0.0004,2.5,0.00138,0.000166667,0.098484848,0.158181818,0.007070707
181,23.5,±0 °C,8,8.13,0.0128,0.0017,2.5,0.00138,0.000166667,0.170606061,0.346060606,0.046464646
182,23.5,±0 °C,8,7.46,0.0156,0.002,2.5,0.00138,0.000166667,0.15030303,0.430909091,0.055555556
183,23.5,±0 °C,8,3.93,0.0042,0.0004,2.5,0.00138,0.000166667,0.043333333,0.085454545,0.007070707
184,23.5,±0 °C,8,6.6,0.0096,0.0015,2.5,0.00138,0.000166667,0.124242424,0.249090909,0.04040404
185,23.5,±0 °C,8,7.41,0.0167,0.0015,2.5,0.00138,0.000166667,0.148787879,0.464242424,0.04040404
186,23.5,±0 °C,8,7.73,0.0135,0.0018,2.5,0.00138,0.000166667,0.158484848,0.367272727,0.049494949
187,23.5,±0 °C,8,6.93,0.0086,0.0012,2.5,0.00138,0.000166667,0.134242424,0.218787879,0.031313131
188,23.5,±0 °C,8,7.33,0.0111,0.0012,2.5,0.00138,0.000166667,0.146363636,0.294545455,0.031313131
189,23.5,±0 °C,8,5.48,0.0056,0.0008,2.5,0.00138,0.000166667,0.09030303,0.127878788,0.019191919
190,23.5,±0 °C,8,5.85,0.0077,0.0005,2.5,0.00138,0.000166667,0.101515152,0.191515152,0.01010101
61,23.5,±0 °C,9,6.12,0.008,0.0009,2.5,0.00138,0.000166667,0.10969697,0.200606061,0.022222222
62,23.5,±0 °C,9,8.02,0.0136,0.0016,2.5,0.00138,0.000166667,0.167272727,0.37030303,0.043434343
63,23.5,±0 °C,9,7.25,0.0132,0.0016,2.5,0.00138,0.000166667,0.143939394,0.358181818,0.043434343
64,23.5,±0 °C,9,8.34,0.0166,0.0023,2.5,0.00138,0.000166667,0.176969697,0.461212121,0.064646465
65,23.5,±0 °C,9,7,0.0139,0.0016,2.5,0.00138,0.000166667,0.136363636,0.379393939,0.043434343
66,23.5,±0 °C,9,6.65,0.0092,0.0013,2.5,0.00138,0.000166667,0.125757576,0.236969697,0.034343434
67,23.5,±0 °C,9,6.94,0.0107,0.0015,2.5,0.00138,0.000166667,0.134545455,0.282424242,0.04040404
68,23.5,±0 °C,9,6.05,0.008,0.0008,2.5,0.00138,0.000166667,0.107575758,0.200606061,0.019191919
69,23.5,±0 °C,9,7.1,0.0113,0.0017,2.5,0.00138,0.000166667,0.139393939,0.300606061,0.046464646
70,23.5,±0 °C,9,5.39,0.005,0.0009,2.5,0.00138,0.000166667,0.087575758,0.10969697,0.022222222
91,26,±0 °C,10,5.71,0.0067,0.0007,2.5,0.00138,0.000166667,0.097272727,0.161212121,0.016161616
92,26,±0 °C,10,6.25,0.007,0.0012,2.5,0.00138,0.000166667,0.113636364,0.17030303,0.031313131
93,26,±0 °C,10,4.91,0.005,0.0006,2.5,0.00138,0.000166667,0.073030303,0.10969697,0.013131313
94,26,±0 °C,10,5.16,0.0048,0.0014,2.5,0.00138,0.000166667,0.080606061,0.103636364,0.037373737
96,26,±0 °C,10,4.18,0.0026,0.0009,2.5,0.00138,0.000166667,0.050909091,0.036969697,0.022222222
97,26,±0 °C,10,3.93,0.0039,0.0002,2.5,0.00138,0.000166667,0.043333333,0.076363636,0.001010101
98,26,±0 °C,10,3.64,0.0021,0.0002,2.5,0.00138,0.000166667,0.034545455,0.021818182,0.001010101
99,26,±0 °C,10,3.38,0.0022,0.0002,2.5,0.00138,0.000166667,0.026666667,0.024848485,0.001010101
211,26,±0 °C,11,4.34,0.0037,0.0003,2.5,0.00138,0.000166667,0.055757576,0.07030303,0.004040404
212,26,±0 °C,11,5.08,0.0045,0.0006,2.5,0.00138,0.000166667,0.078181818,0.094545455,0.013131313
213,26,±0 °C,11,4.7,0.0046,0,2.5,0.00138,0.000166667,0.066666667,0.097575758,-0.005050505
214,26,±0 °C,11,6.22,0.0082,0.0006,2.5,0.00138,0.000166667,0.112727273,0.206666667,0.013131313
215,26,±0 °C,11,3.97,0.0034,0.0003,2.5,0.00138,0.000166667,0.044545455,0.061212121,0.004040404
216,26,±0 °C,11,4.78,0.0046,0.0002,2.5,0.00138,0.000166667,0.069090909,0.097575758,0.001010101
217,26,±0 °C,11,4.33,0.0035,0.0002,2.5,0.00138,0.000166667,0.055454545,0.064242424,0.001010101
218,26,±0 °C,11,3.46,0.0022,0.0002,2.5,0.00138,0.000166667,0.029090909,0.024848485,0.001010101
219,26,±0 °C,11,3.19,0.0017,0.0005,2.5,0.00138,0.000166667,0.020909091,0.00969697,0.01010101
91,26,±0 °C,12,4.84,0.0045,0.0002,2.5,0.00138,0.000166667,0.070909091,0.094545455,0.001010101
92,26,±0 °C,12,4.19,0.003,0.0003,2.5,0.00138,0.000166667,0.051212121,0.049090909,0.004040404
93,26,±0 °C,12,3.37,0.0019,0,2.5,0.00138,0.000166667,0.026363636,0.015757576,-0.005050505
94,26,±0 °C,12,4.73,0.004,0.0003,2.5,0.00138,0.000166667,0.067575758,0.079393939,0.004040404
95,26,±0 °C,12,5.48,0.006,0.0006,2.5,0.00138,0.000166667,0.09030303,0.14,0.013131313
96,26,±0 °C,12,4.22,0.003,0,2.5,0.00138,0.000166667,0.052121212,0.049090909,-0.005050505
97,26,±0 °C,12,4.97,0.0055,0.0002,2.5,0.00138,0.000166667,0.074848485,0.124848485,0.001010101
98,26,±0 °C,12,4.87,0.0049,0.0006,2.5,0.00138,0.000166667,0.071818182,0.106666667,0.013131313
100,26,±0 °C,12,4.24,0.0038,0.0004,2.5,0.00138,0.000166667,0.052727273,0.073333333,0.007070707
11,18.5,±2 °C,13,8.76,0.0192,0.0034,2.5,0.00138,0.000166667,0.18969697,0.54,0.097979798
12,18.5,±2 °C,13,8.19,0.0134,0.0031,2.5,0.00138,0.000166667,0.172424242,0.364242424,0.088888889
13,18.5,±2 °C,13,7.09,0.013,0.0017,2.5,0.00138,0.000166667,0.139090909,0.352121212,0.046464646
14,18.5,±2 °C,13,6.6,0.0088,0.0013,2.5,0.00138,0.000166667,0.124242424,0.224848485,0.034343434
15,18.5,±2 °C,13,6.71,0.0081,0.001,2.5,0.00138,0.000166667,0.127575758,0.203636364,0.025252525
16,18.5,±2 °C,13,7.65,0.0117,0.0018,2.5,0.00138,0.000166667,0.156060606,0.312727273,0.049494949
17,18.5,±2 °C,13,8.07,0.0154,0.0023,2.5,0.00138,0.000166667,0.168787879,0.424848485,0.064646465
18,18.5,±2 °C,13,7.54,0.0109,0.0023,2.5,0.00138,0.000166667,0.152727273,0.288484848,0.064646465
19,18.5,±2 °C,13,6.78,0.0099,0.0013,2.5,0.00138,0.000166667,0.12969697,0.258181818,0.034343434
20,18.5,±2 °C,13,6.93,0.0091,0.0017,2.5,0.00138,0.000166667,0.134242424,0.233939394,0.046464646
131,18.5,±2 °C,14,7.5,0.0118,0.0019,2.5,0.00138,0.000166667,0.151515152,0.315757576,0.052525253
132,18.5,±2 °C,14,7.94,0.0139,0.0026,2.5,0.00138,0.000166667,0.164848485,0.379393939,0.073737374
133,18.5,±2 °C,14,7.37,0.0132,0.0018,2.5,0.00138,0.000166667,0.147575758,0.358181818,0.049494949
134,18.5,±2 °C,14,7.77,0.0132,0.0024,2.5,0.00138,0.000166667,0.15969697,0.358181818,0.067676768
135,18.5,±2 °C,14,7.79,0.0132,0.0018,2.5,0.00138,0.000166667,0.16030303,0.358181818,0.049494949
136,18.5,±2 °C,14,6.13,0.0076,0.0012,2.5,0.00138,0.000166667,0.11,0.188484848,0.031313131
137,18.5,±2 °C,14,7.5,0.0125,0.002,2.5,0.00138,0.000166667,0.151515152,0.336969697,0.055555556
138,18.5,±2 °C,14,6.43,0.0085,0.0013,2.5,0.00138,0.000166667,0.119090909,0.215757576,0.034343434
139,18.5,±2 °C,14,7.36,0.0119,0.0022,2.5,0.00138,0.000166667,0.147272727,0.318787879,0.061616162
140,18.5,±2 °C,14,6.82,0.0106,0.0021,2.5,0.00138,0.000166667,0.130909091,0.279393939,0.058585859
11,18.5,±2 °C,15,8.6,0.0178,0.0025,2.5,0.00138,0.000166667,0.184848485,0.497575758,0.070707071
12,18.5,±2 °C,15,8.44,0.0152,0.002,2.5,0.00138,0.000166667,0.18,0.418787879,0.055555556
13,18.5,±2 °C,15,7.96,0.0136,0.0019,2.5,0.00138,0.000166667,0.165454545,0.37030303,0.052525253
14,18.5,±2 °C,15,8.92,0.019,0.0025,2.5,0.00138,0.000166667,0.194545455,0.533939394,0.070707071
15,18.5,±2 °C,15,7.58,0.0127,0.0017,2.5,0.00138,0.000166667,0.153939394,0.343030303,0.046464646
16,18.5,±2 °C,15,7.24,0.0105,0.0016,2.5,0.00138,0.000166667,0.143636364,0.276363636,0.043434343
17,18.5,±2 °C,15,5.61,0.0064,0.0008,2.5,0.00138,0.000166667,0.094242424,0.152121212,0.019191919
18,18.5,±2 °C,15,6.66,0.0083,0.0011,2.5,0.00138,0.000166667,0.126060606,0.20969697,0.028282828
19,18.5,±2 °C,15,7.91,0.0119,0.0021,2.5,0.00138,0.000166667,0.163939394,0.318787879,0.058585859
41,21,±2 °C,16,7.14,0.0115,0.001,2.5,0.00138,0.000166667,0.140606061,0.306666667,0.025252525
42,21,±2 °C,16,6.43,0.0084,0.0016,2.5,0.00138,0.000166667,0.119090909,0.212727273,0.043434343
43,21,±2 °C,16,7.16,0.0124,0.0012,2.5,0.00138,0.000166667,0.141212121,0.333939394,0.031313131
44,21,±2 °C,16,7.4,0.0127,0.0013,2.5,0.00138,0.000166667,0.148484848,0.343030303,0.034343434
45,21,±2 °C,16,6.56,0.0075,0.0014,2.5,0.00138,0.000166667,0.123030303,0.185454545,0.037373737
46,21,±2 °C,16,8.41,0.0142,0.0013,2.5,0.00138,0.000166667,0.179090909,0.388484848,0.034343434
47,21,±2 °C,16,7.46,0.0117,0.0015,2.5,0.00138,0.000166667,0.15030303,0.312727273,0.04040404
48,21,±2 °C,16,8,0.0132,0.0024,2.5,0.00138,0.000166667,0.166666667,0.358181818,0.067676768
49,21,±2 °C,16,8.42,0.0161,0.0027,2.5,0.00138,0.000166667,0.179393939,0.446060606,0.076767677
161,21,±2 °C,17,9.19,0.0202,0.0026,2.5,0.00138,0.000166667,0.202727273,0.57030303,0.073737374
162,21,±2 °C,17,8.8,0.0216,0.0029,2.5,0.00138,0.000166667,0.190909091,0.612727273,0.082828283
163,21,±2 °C,17,8.13,0.0119,0.0023,2.5,0.00138,0.000166667,0.170606061,0.318787879,0.064646465
164,21,±2 °C,17,7.82,0.014,0.002,2.5,0.00138,0.000166667,0.161212121,0.382424242,0.055555556
165,21,±2 °C,17,7.91,0.0103,0.0024,2.5,0.00138,0.000166667,0.163939394,0.27030303,0.067676768
166,21,±2 °C,17,6.97,0.0106,0.0019,2.5,0.00138,0.000166667,0.135454545,0.279393939,0.052525253
167,21,±2 °C,17,6.68,0.0074,0.0016,2.5,0.00138,0.000166667,0.126666667,0.182424242,0.043434343
168,21,±2 °C,17,6.61,0.0096,0.0012,2.5,0.00138,0.000166667,0.124545455,0.249090909,0.031313131
169,21,±2 °C,17,6.58,0.0089,0.0011,2.5,0.00138,0.000166667,0.123636364,0.227878788,0.028282828
170,21,±2 °C,17,5.86,0.006,0.0007,2.5,0.00138,0.000166667,0.101818182,0.14,0.016161616
41,21,±2 °C,18,8.37,0.0151,0.0019,2.5,0.00138,0.000166667,0.177878788,0.415757576,0.052525253
42,21,±2 °C,18,8.28,0.0155,0.0023,2.5,0.00138,0.000166667,0.175151515,0.427878788,0.064646465
43,21,±2 °C,18,8.46,0.0165,0.0024,2.5,0.00138,0.000166667,0.180606061,0.458181818,0.067676768
44,21,±2 °C,18,8,0.0141,0.002,2.5,0.00138,0.000166667,0.166666667,0.385454545,0.055555556
45,21,±2 °C,18,8.47,0.0152,0.0021,2.5,0.00138,0.000166667,0.180909091,0.418787879,0.058585859
46,21,±2 °C,18,6.85,0.0108,0.0014,2.5,0.00138,0.000166667,0.131818182,0.285454545,0.037373737
47,21,±2 °C,18,7.23,0.0095,0.0017,2.5,0.00138,0.000166667,0.143333333,0.246060606,0.046464646
48,21,±2 °C,18,8.04,0.0138,0.0021,2.5,0.00138,0.000166667,0.167878788,0.376363636,0.058585859
49,21,±2 °C,18,6.34,0.0077,0.0011,2.5,0.00138,0.000166667,0.116363636,0.191515152,0.028282828
50,21,±2 °C,18,6.11,0.0078,0.0009,2.5,0.00138,0.000166667,0.109393939,0.194545455,0.022222222
71,23.5,±2 °C,19,8.45,0.0176,0.0021,2.5,0.00138,0.000166667,0.18030303,0.491515152,0.058585859
72,23.5,±2 °C,19,7.68,0.0124,0.0014,2.5,0.00138,0.000166667,0.156969697,0.333939394,0.037373737
73,23.5,±2 °C,19,5.27,0.0053,0.0004,2.5,0.00138,0.000166667,0.083939394,0.118787879,0.007070707
74,23.5,±2 °C,19,7.52,0.0141,0.0015,2.5,0.00138,0.000166667,0.152121212,0.385454545,0.04040404
75,23.5,±2 °C,19,6.03,0.0083,0.001,2.5,0.00138,0.000166667,0.106969697,0.20969697,0.025252525
76,23.5,±2 °C,19,5.97,0.009,0.0014,2.5,0.00138,0.000166667,0.105151515,0.230909091,0.037373737
77,23.5,±2 °C,19,7.95,0.0143,0.0025,2.5,0.00138,0.000166667,0.165151515,0.391515152,0.070707071
78,23.5,±2 °C,19,6.16,0.0077,0.0007,2.5,0.00138,0.000166667,0.110909091,0.191515152,0.016161616
79,23.5,±2 °C,19,4.98,0.0046,0.0003,2.5,0.00138,0.000166667,0.075151515,0.097575758,0.004040404
80,23.5,±2 °C,19,3.91,0.0024,0.0002,2.5,0.00138,0.000166667,0.042727273,0.030909091,0.001010101
191,23.5,±2 °C,20,6.83,0.011,0.0016,2.5,0.00138,0.000166667,0.131212121,0.291515152,0.043434343
192,23.5,±2 °C,20,6.35,0.0091,0.0009,2.5,0.00138,0.000166667,0.116666667,0.233939394,0.022222222
193,23.5,±2 °C,20,7.75,0.0125,0.002,2.5,0.00138,0.000166667,0.159090909,0.336969697,0.055555556
194,23.5,±2 °C,20,5.61,0.008,0.0008,2.5,0.00138,0.000166667,0.094242424,0.200606061,0.019191919
195,23.5,±2 °C,20,7.61,0.0157,0.0018,2.5,0.00138,0.000166667,0.154848485,0.433939394,0.049494949
196,23.5,±2 °C,20,5.85,0.0071,0.0015,2.5,0.00138,0.000166667,0.101515152,0.173333333,0.04040404
197,23.5,±2 °C,20,8.22,0.0174,0.0025,2.5,0.00138,0.000166667,0.173333333,0.485454545,0.070707071
198,23.5,±2 °C,20,7.05,0.0116,0.0017,2.5,0.00138,0.000166667,0.137878788,0.30969697,0.046464646
71,23.5,±2 °C,21,9.46,0.0237,0.0032,2.5,0.00138,0.000166667,0.210909091,0.676363636,0.091919192
72,23.5,±2 °C,21,7.73,0.0144,0.002,2.5,0.00138,0.000166667,0.158484848,0.394545455,0.055555556
73,23.5,±2 °C,21,7.59,0.0162,0.0018,2.5,0.00138,0.000166667,0.154242424,0.449090909,0.049494949
74,23.5,±2 °C,21,7.78,0.0147,0.0017,2.5,0.00138,0.000166667,0.16,0.403636364,0.046464646
75,23.5,±2 °C,21,5.76,0.0083,0.0009,2.5,0.00138,0.000166667,0.098787879,0.20969697,0.022222222
76,23.5,±2 °C,21,6.28,0.0082,0.0014,2.5,0.00138,0.000166667,0.114545455,0.206666667,0.037373737
77,23.5,±2 °C,21,5.55,0.0053,0.0012,2.5,0.00138,0.000166667,0.092424242,0.118787879,0.031313131
78,23.5,±2 °C,21,5.3,0.0081,0.001,2.5,0.00138,0.000166667,0.084848485,0.203636364,0.025252525
79,23.5,±2 °C,21,5.09,0.0049,0.0007,2.5,0.00138,0.000166667,0.078484848,0.106666667,0.016161616
101,26,±2 °C,22,5.71,0.0074,0.0008,2.5,0.00138,0.000166667,0.097272727,0.182424242,0.019191919
102,26,±2 °C,22,6.06,0.0096,0.0011,2.5,0.00138,0.000166667,0.107878788,0.249090909,0.028282828
103,26,±2 °C,22,4.49,0.0037,0.0006,2.5,0.00138,0.000166667,0.06030303,0.07030303,0.013131313
104,26,±2 °C,22,4.56,0.0038,0.0006,2.5,0.00138,0.000166667,0.062424242,0.073333333,0.013131313
106,26,±2 °C,22,3.44,0.0022,0.0003,2.5,0.00138,0.000166667,0.028484848,0.024848485,0.004040404
107,26,±2 °C,22,3.41,0.0019,0.0001,2.5,0.00138,0.000166667,0.027575758,0.015757576,-0.002020202
108,26,±2 °C,22,4.02,0.003,0.0003,2.5,0.00138,0.000166667,0.046060606,0.049090909,0.004040404
109,26,±2 °C,22,4.91,0.0037,0.0009,2.5,0.00138,0.000166667,0.073030303,0.07030303,0.022222222
110,26,±2 °C,22,3.08,0.0012,0.0001,2.5,0.00138,0.000166667,0.017575758,-0.005454545,-0.002020202
221,26,±2 °C,23,6.07,0.0068,0.0013,2.5,0.00138,0.000166667,0.108181818,0.164242424,0.034343434
222,26,±2 °C,23,3.7,0.0023,0.0005,2.5,0.00138,0.000166667,0.036363636,0.027878788,0.01010101
223,26,±2 °C,23,6.45,0.0093,0.0011,2.5,0.00138,0.000166667,0.11969697,0.24,0.028282828
224,26,±2 °C,23,5.77,0.0081,0.0004,2.5,0.00138,0.000166667,0.099090909,0.203636364,0.007070707
225,26,±2 °C,23,6.17,0.0107,0.0008,2.5,0.00138,0.000166667,0.111212121,0.282424242,0.019191919
226,26,±2 °C,23,5.8,0.0078,0.0008,2.5,0.00138,0.000166667,0.1,0.194545455,0.019191919
227,26,±2 °C,23,4.73,0.0043,0.001,2.5,0.00138,0.000166667,0.067575758,0.088484848,0.025252525
228,26,±2 °C,23,4.78,0.0048,0.0009,2.5,0.00138,0.000166667,0.069090909,0.103636364,0.022222222
229,26,±2 °C,23,5.98,0.0089,0.0009,2.5,0.00138,0.000166667,0.105454545,0.227878788,0.022222222
230,26,±2 °C,23,5.29,0.0054,0.0013,2.5,0.00138,0.000166667,0.084545455,0.121818182,0.034343434
101,26,±2 °C,24,5.34,0.0057,0.0008,2.5,0.00138,0.000166667,0.086060606,0.130909091,0.019191919
102,26,±2 °C,24,5.79,0.0079,0.0012,2.5,0.00138,0.000166667,0.09969697,0.197575758,0.031313131
103,26,±2 °C,24,3.01,0.0021,0,2.5,0.00138,0.000166667,0.015454545,0.021818182,-0.005050505
104,26,±2 °C,24,5.52,0.0058,0.0008,2.5,0.00138,0.000166667,0.091515152,0.133939394,0.019191919
105,26,±2 °C,24,6.61,0.0086,0.0015,2.5,0.00138,0.000166667,0.124545455,0.218787879,0.04040404
106,26,±2 °C,24,5.39,0.0053,0.0011,2.5,0.00138,0.000166667,0.087575758,0.118787879,0.028282828
107,26,±2 °C,24,4.18,0.0032,0.0007,2.5,0.00138,0.000166667,0.050909091,0.055151515,0.016161616
109,26,±2 °C,24,4.23,0.0037,0.0004,2.5,0.00138,0.000166667,0.052424242,0.07030303,0.007070707
110,26,±2 °C,24,4.1,0.0025,0.0008,2.5,0.00138,0.000166667,0.048484848,0.033939394,0.019191919
21,18.5,±4 °C,25,8.29,0.0136,0.0022,2.5,0.00138,0.000166667,0.175454545,0.37030303,0.061616162
22,18.5,±4 °C,25,7.98,0.0136,0.0022,2.5,0.00138,0.000166667,0.166060606,0.37030303,0.061616162
23,18.5,±4 °C,25,8.8,0.0174,0.003,2.5,0.00138,0.000166667,0.190909091,0.485454545,0.085858586
24,18.5,±4 °C,25,8.04,0.0153,0.0028,2.5,0.00138,0.000166667,0.167878788,0.421818182,0.07979798
25,18.5,±4 °C,25,8.03,0.0175,0.0021,2.5,0.00138,0.000166667,0.167575758,0.488484848,0.058585859
26,18.5,±4 °C,25,5.88,0.0071,0.0013,2.5,0.00138,0.000166667,0.102424242,0.173333333,0.034343434
27,18.5,±4 °C,25,7.89,0.0131,0.002,2.5,0.00138,0.000166667,0.163333333,0.355151515,0.055555556
28,18.5,±4 °C,25,7.13,0.0104,0.0014,2.5,0.00138,0.000166667,0.14030303,0.273333333,0.037373737
29,18.5,±4 °C,25,8.24,0.0136,0.0025,2.5,0.00138,0.000166667,0.173939394,0.37030303,0.070707071
30,18.5,±4 °C,25,5.11,0.0043,0.001,2.5,0.00138,0.000166667,0.079090909,0.088484848,0.025252525
141,18.5,±4 °C,26,8.63,0.0165,0.0031,2.5,0.00138,0.000166667,0.185757576,0.458181818,0.088888889
142,18.5,±4 °C,26,7.79,0.0125,0.0026,2.5,0.00138,0.000166667,0.16030303,0.336969697,0.073737374
143,18.5,±4 °C,26,7.72,0.0137,0.0022,2.5,0.00138,0.000166667,0.158181818,0.373333333,0.061616162
144,18.5,±4 °C,26,8.64,0.015,0.0024,2.5,0.00138,0.000166667,0.186060606,0.412727273,0.067676768
145,18.5,±4 °C,26,7.81,0.0083,0.002,2.5,0.00138,0.000166667,0.160909091,0.20969697,0.055555556
146,18.5,±4 °C,26,7.17,0.0119,0.0011,2.5,0.00138,0.000166667,0.141515152,0.318787879,0.028282828
147,18.5,±4 °C,26,7.84,0.0143,0.0018,2.5,0.00138,0.000166667,0.161818182,0.391515152,0.049494949
148,18.5,±4 °C,26,7.64,0.0153,0.0014,2.5,0.00138,0.000166667,0.155757576,0.421818182,0.037373737
149,18.5,±4 °C,26,7.29,0.0106,0.002,2.5,0.00138,0.000166667,0.145151515,0.279393939,0.055555556
150,18.5,±4 °C,26,4.11,0.0033,0.0006,2.5,0.00138,0.000166667,0.048787879,0.058181818,0.013131313
21,18.5,±4 °C,27,7.71,0.0126,0.002,2.5,0.00138,0.000166667,0.157878788,0.34,0.055555556
22,18.5,±4 °C,27,8.92,0.0157,0.0029,2.5,0.00138,0.000166667,0.194545455,0.433939394,0.082828283
23,18.5,±4 °C,27,6.67,0.0077,0.0013,2.5,0.00138,0.000166667,0.126363636,0.191515152,0.034343434
24,18.5,±4 °C,27,7.39,0.0113,0.0018,2.5,0.00138,0.000166667,0.148181818,0.300606061,0.049494949
25,18.5,±4 °C,27,8.42,0.0163,0.0022,2.5,0.00138,0.000166667,0.179393939,0.452121212,0.061616162
26,18.5,±4 °C,27,8.21,0.0126,0.0021,2.5,0.00138,0.000166667,0.173030303,0.34,0.058585859
27,18.5,±4 °C,27,8.15,0.0138,0.0019,2.5,0.00138,0.000166667,0.171212121,0.376363636,0.052525253
28,18.5,±4 °C,27,8.05,0.0151,0.0021,2.5,0.00138,0.000166667,0.168181818,0.415757576,0.058585859
29,18.5,±4 °C,27,7.87,0.011,0.002,2.5,0.00138,0.000166667,0.162727273,0.291515152,0.055555556
30,18.5,±4 °C,27,7.07,0.011,0.0017,2.5,0.00138,0.000166667,0.138484848,0.291515152,0.046464646
51,21,±4 °C,28,8.56,0.0183,0.0029,2.5,0.00138,0.000166667,0.183636364,0.512727273,0.082828283
52,21,±4 °C,28,7.69,0.0123,0.0019,2.5,0.00138,0.000166667,0.157272727,0.330909091,0.052525253
53,21,±4 °C,28,7.53,0.0063,0.0007,2.5,0.00138,0.000166667,0.152424242,0.149090909,0.016161616
54,21,±4 °C,28,7.6,0.0054,0.0017,2.5,0.00138,0.000166667,0.154545455,0.121818182,0.046464646
55,21,±4 °C,28,6.73,0.0091,0.0012,2.5,0.00138,0.000166667,0.128181818,0.233939394,0.031313131
56,21,±4 °C,28,6.52,0.0099,0.0007,2.5,0.00138,0.000166667,0.121818182,0.258181818,0.016161616
57,21,±4 °C,28,7.84,0.0132,0.0018,2.5,0.00138,0.000166667,0.161818182,0.358181818,0.049494949
58,21,±4 °C,28,7.61,0.0139,0.0021,2.5,0.00138,0.000166667,0.154848485,0.379393939,0.058585859
59,21,±4 °C,28,6.08,0.0066,0.001,2.5,0.00138,0.000166667,0.108484848,0.158181818,0.025252525
60,21,±4 °C,28,6.22,0.007,0.001,2.5,0.00138,0.000166667,0.112727273,0.17030303,0.025252525
171,21,±4 °C,29,7.01,0.0129,0.0016,2.5,0.00138,0.000166667,0.136666667,0.349090909,0.043434343
172,21,±4 °C,29,8.13,0.0162,0.0028,2.5,0.00138,0.000166667,0.170606061,0.449090909,0.07979798
173,21,±4 °C,29,6.14,0.0081,0.0012,2.5,0.00138,0.000166667,0.11030303,0.203636364,0.031313131
174,21,±4 °C,29,8.09,0.0159,0.002,2.5,0.00138,0.000166667,0.169393939,0.44,0.055555556
175,21,±4 °C,29,6.76,0.0101,0.0021,2.5,0.00138,0.000166667,0.129090909,0.264242424,0.058585859
176,21,±4 °C,29,7.05,0.0108,0.0021,2.5,0.00138,0.000166667,0.137878788,0.285454545,0.058585859
177,21,±4 °C,29,7.4,0.0129,0.0024,2.5,0.00138,0.000166667,0.148484848,0.349090909,0.067676768
178,21,±4 °C,29,7.06,0.0128,0.002,2.5,0.00138,0.000166667,0.138181818,0.346060606,0.055555556
179,21,±4 °C,29,6.12,0.0078,0.0016,2.5,0.00138,0.000166667,0.10969697,0.194545455,0.043434343
180,21,±4 °C,29,6.26,0.0088,0.0011,2.5,0.00138,0.000166667,0.113939394,0.224848485,0.028282828
51,21,±4 °C,30,7.61,0.0162,0.0023,2.5,0.00138,0.000166667,0.154848485,0.449090909,0.064646465
52,21,±4 °C,30,8.35,0.0169,0.0022,2.5,0.00138,0.000166667,0.177272727,0.47030303,0.061616162
53,21,±4 °C,30,8.4,0.0149,0.0026,2.5,0.00138,0.000166667,0.178787879,0.40969697,0.073737374
54,21,±4 °C,30,7.6,0.0125,0.0019,2.5,0.00138,0.000166667,0.154545455,0.336969697,0.052525253
55,21,±4 °C,30,7.58,0.0145,0.0015,2.5,0.00138,0.000166667,0.153939394,0.397575758,0.04040404
56,21,±4 °C,30,7.88,0.0134,0.002,2.5,0.00138,0.000166667,0.163030303,0.364242424,0.055555556
57,21,±4 °C,30,8.17,0.0165,0.0021,2.5,0.00138,0.000166667,0.171818182,0.458181818,0.058585859
58,21,±4 °C,30,7.46,0.0134,0.0018,2.5,0.00138,0.000166667,0.15030303,0.364242424,0.049494949
59,21,±4 °C,30,4.69,0.0041,0.0004,2.5,0.00138,0.000166667,0.066363636,0.082424242,0.007070707
81,23.5,±4 °C,31,5.66,0.0088,0.0009,2.5,0.00138,0.000166667,0.095757576,0.224848485,0.022222222
82,23.5,±4 °C,31,6.09,0.0082,0.0012,2.5,0.00138,0.000166667,0.108787879,0.206666667,0.031313131
83,23.5,±4 °C,31,4.68,0.0058,0.0004,2.5,0.00138,0.000166667,0.066060606,0.133939394,0.007070707
84,23.5,±4 °C,31,5.62,0.0049,0.0008,2.5,0.00138,0.000166667,0.094545455,0.106666667,0.019191919
85,23.5,±4 °C,31,4.33,0.0033,0.0009,2.5,0.00138,0.000166667,0.055454545,0.058181818,0.022222222
86,23.5,±4 °C,31,5.61,0.0058,0.0004,2.5,0.00138,0.000166667,0.094242424,0.133939394,0.007070707
87,23.5,±4 °C,31,6.05,0.0086,0.0011,2.5,0.00138,0.000166667,0.107575758,0.218787879,0.028282828
88,23.5,±4 °C,31,4.38,0.0037,0.0004,2.5,0.00138,0.000166667,0.056969697,0.07030303,0.007070707
89,23.5,±4 °C,31,4.18,0.0037,0.0006,2.5,0.00138,0.000166667,0.050909091,0.07030303,0.013131313
90,23.5,±4 °C,31,3.96,0.0026,0.0008,2.5,0.00138,0.000166667,0.044242424,0.036969697,0.019191919
201,23.5,±4 °C,32,6.07,0.0078,0.0011,2.5,0.00138,0.000166667,0.108181818,0.194545455,0.028282828
202,23.5,±4 °C,32,7.46,0.0153,0.0022,2.5,0.00138,0.000166667,0.15030303,0.421818182,0.061616162
203,23.5,±4 °C,32,6.44,0.0089,0.0013,2.5,0.00138,0.000166667,0.119393939,0.227878788,0.034343434
205,23.5,±4 °C,32,5.88,0.0079,0.0009,2.5,0.00138,0.000166667,0.102424242,0.197575758,0.022222222
206,23.5,±4 °C,32,4.69,0.0035,0.0006,2.5,0.00138,0.000166667,0.066363636,0.064242424,0.013131313
207,23.5,±4 °C,32,6.48,0.0113,0.0013,2.5,0.00138,0.000166667,0.120606061,0.300606061,0.034343434
208,23.5,±4 °C,32,5.7,0.0064,0.0008,2.5,0.00138,0.000166667,0.096969697,0.152121212,0.019191919
209,23.5,±4 °C,32,5.78,0.0065,0.0005,2.5,0.00138,0.000166667,0.099393939,0.155151515,0.01010101
210,23.5,±4 °C,32,4.36,0.0045,0.0002,2.5,0.00138,0.000166667,0.056363636,0.094545455,0.001010101
81,23.5,±4 °C,33,6.3,0.0084,0.0012,2.5,0.00138,0.000166667,0.115151515,0.212727273,0.031313131
82,23.5,±4 °C,33,5.31,0.0056,0.0007,2.5,0.00138,0.000166667,0.085151515,0.127878788,0.016161616
83,23.5,±4 °C,33,4.34,0.0034,0.0003,2.5,0.00138,0.000166667,0.055757576,0.061212121,0.004040404
84,23.5,±4 °C,33,5.98,0.007,0.0013,2.5,0.00138,0.000166667,0.105454545,0.17030303,0.034343434
85,23.5,±4 °C,33,5.96,0.0072,0.0006,2.5,0.00138,0.000166667,0.104848485,0.176363636,0.013131313
86,23.5,±4 °C,33,4.07,0.0027,0,2.5,0.00138,0.000166667,0.047575758,0.04,-0.005050505
87,23.5,±4 °C,33,5.02,0.005,0.0001,2.5,0.00138,0.000166667,0.076363636,0.10969697,-0.002020202
88,23.5,±4 °C,33,5.33,0.0053,0.0003,2.5,0.00138,0.000166667,0.085757576,0.118787879,0.004040404
89,23.5,±4 °C,33,4.87,0.0045,0.0003,2.5,0.00138,0.000166667,0.071818182,0.094545455,0.004040404
111,26,±4 °C,34,4.55,0.0034,0.0009,2.5,0.00138,0.000166667,0.062121212,0.061212121,0.022222222
112,26,±4 °C,34,4.62,0.0041,0.001,2.5,0.00138,0.000166667,0.064242424,0.082424242,0.025252525
113,26,±4 °C,34,6.42,0.0082,0.0015,2.5,0.00138,0.000166667,0.118787879,0.206666667,0.04040404
114,26,±4 °C,34,6.05,0.0081,0.0016,2.5,0.00138,0.000166667,0.107575758,0.203636364,0.043434343
115,26,±4 °C,34,5.56,0.0063,0.0016,2.5,0.00138,0.000166667,0.092727273,0.149090909,0.043434343
116,26,±4 °C,34,5.94,0.0073,0.0016,2.5,0.00138,0.000166667,0.104242424,0.179393939,0.043434343
117,26,±4 °C,34,5.03,0.006,0.0014,2.5,0.00138,0.000166667,0.076666667,0.14,0.037373737
118,26,±4 °C,34,4.31,0.0038,0.001,2.5,0.00138,0.000166667,0.054848485,0.073333333,0.025252525
119,26,±4 °C,34,4.8,0.0047,0.0013,2.5,0.00138,0.000166667,0.06969697,0.100606061,0.034343434
231,26,±4 °C,35,5.42,0.0058,0.0009,2.5,0.00138,0.000166667,0.088484848,0.133939394,0.022222222
232,26,±4 °C,35,6.49,0.0114,0.0015,2.5,0.00138,0.000166667,0.120909091,0.303636364,0.04040404
233,26,±4 °C,35,4.46,0.0031,0.0005,2.5,0.00138,0.000166667,0.059393939,0.052121212,0.01010101
234,26,±4 °C,35,4.24,0.0044,0.0003,2.5,0.00138,0.000166667,0.052727273,0.091515152,0.004040404
235,26,±4 °C,35,4.78,0.0041,0.0008,2.5,0.00138,0.000166667,0.069090909,0.082424242,0.019191919
236,26,±4 °C,35,6.28,0.0077,0.0007,2.5,0.00138,0.000166667,0.114545455,0.191515152,0.016161616
237,26,±4 °C,35,4.52,0.004,0.0005,2.5,0.00138,0.000166667,0.061212121,0.079393939,0.01010101
238,26,±4 °C,35,5.9,0.0082,0.0012,2.5,0.00138,0.000166667,0.103030303,0.206666667,0.031313131
239,26,±4 °C,35,4.9,0.0046,0.0005,2.5,0.00138,0.000166667,0.072727273,0.097575758,0.01010101
111,26,±4 °C,36,6.02,0.0071,0.0017,2.5,0.00138,0.000166667,0.106666667,0.173333333,0.046464646
112,26,±4 °C,36,4.51,0.0075,0.0016,2.5,0.00138,0.000166667,0.060909091,0.185454545,0.043434343
113,26,±4 °C,36,4.94,0.0049,0.0007,2.5,0.00138,0.000166667,0.073939394,0.106666667,0.016161616
114,26,±4 °C,36,3.96,0.0047,0.0005,2.5,0.00138,0.000166667,0.044242424,0.100606061,0.01010101
115,26,±4 °C,36,5.76,0.0025,0.0005,2.5,0.00138,0.000166667,0.098787879,0.033939394,0.01010101
116,26,±4 °C,36,4.56,0.0059,0.0012,2.5,0.00138,0.000166667,0.062424242,0.136969697,0.031313131
117,26,±4 °C,36,5.97,0.0044,0.0009,2.5,0.00138,0.000166667,0.105151515,0.091515152,0.022222222
118,26,±4 °C,36,4.81,0.0083,0.0013,2.5,0.00138,0.000166667,0.07,0.20969697,0.034343434
119,26,±4 °C,36,4.31,0.0044,0.0009,2.5,0.00138,0.000166667,0.054848485,0.091515152,0.022222222